{"cameraMode":{"drawMode":0,"name":"Shaded","section":"Shading Mode"},"sceneLighting":false,"audioPlay":false,"sceneViewState":{"m_AlwaysRefresh":false,"showFog":false,"showSkybox":false,"showFlares":false,"showImageEffects":false,"showParticleSystems":false,"showVisualEffectGraphs":true,"m_FxEnabled":true},"in2DMode":false,"pivot":{"x":-0.5441659688949585,"y":0.03187382221221924,"z":-0.17710423469543458},"rotation":{"x":0.3566122353076935,"y":-0.05880195274949074,"z":0.022496342658996583,"w":0.9321288466453552},"size":5.477388858795166,"orthographic":false}