{"cameraMode":{"drawMode":0,"name":"Shaded","section":"Shading Mode"},"sceneLighting":true,"audioPlay":false,"sceneViewState":{"m_AlwaysRefresh":false,"showFog":false,"showSkybox":false,"showFlares":false,"showImageEffects":false,"showParticleSystems":false,"showVisualEffectGraphs":true,"m_FxEnabled":true},"in2DMode":false,"pivot":{"x":369.7235412597656,"y":1051.5467529296875,"z":-85.89688110351563},"rotation":{"x":0.0014999725390225649,"y":-0.005999945569783449,"z":0.0000089996938186232,"w":0.9999805092811585},"size":1305.7540283203125,"orthographic":false}