{"cameraMode":{"drawMode":0,"name":"Shaded","section":"Shading Mode"},"sceneLighting":true,"audioPlay":false,"sceneViewState":{"m_AlwaysRefresh":false,"showFog":false,"showSkybox":false,"showFlares":false,"showImageEffects":false,"showParticleSystems":false,"showVisualEffectGraphs":true,"m_FxEnabled":true},"in2DMode":false,"pivot":{"x":1.5125250816345215,"y":0.09104537963867188,"z":-4.553820610046387},"rotation":{"x":-0.3312261402606964,"y":-0.09264307469129563,"z":0.032699357718229297,"w":-0.9384241700172424},"size":6.5067667961120609,"orthographic":false}